id,first_name,last_name,email,gender,languaje,birthday
1,Alfonso,Trunchion,atrunchion0@soup.io,Male,Hungarian,1993/07/09
2,Maurise,Raubenheim,mraubenheim1@vk.com,,Dhivehi,2004/11/05
3,Arnold,Walley,awalley2@tinypic.com,Male,,1991/03/14
4,Garland,Neiland,gneiland3@aol.com,Female,West Frisian,2001/11/28
5,Humphrey,Carbett,hcarbett4@posterous.com,Male,Chinese,1994/11/13
6,Tiffie,Cleare,tcleare5@nba.com,Female,,2001/12/18
7,Mariya,Rielly,mrielly6@elpais.com,Female,Polish,2004/09/04
8,Markos,D'Abbot-Doyle,mdabbotdoyle7@japanpost.jp,Male,Danish,2005/06/21
9,Karalynn,Kubin,kkubin8@sina.com.cn,Female,Italian,1998/06/21
10,Hildagard,Tremmel,htremmel9@mayoclinic.com,Female,Italian,2002/03/11
11,Murial,Gallimore,mgallimorea@multiply.com,Non-binary,Catalan,1996/07/08
12,Crissy,Scutter,cscutterb@yahoo.co.jp,Genderqueer,Irish Gaelic,2005/05/04
13,Thornie,Terbruggen,tterbruggenc@behance.net,Male,Haitian Creole,2001/05/09
14,Garwood,Priddle,gpriddled@thetimes.co.uk,Male,Albanian,2001/04/12
15,Stanton,Bernardi,sbernardie@chicagotribune.com,Male,Portuguese,2000/11/18
16,Ferdy,Adamec,fadamecf@ftc.gov,Male,Armenian,1995/04/22
17,Yorgo,Tebald,ytebaldg@dagondesign.com,Male,Latvian,2001/11/25
18,Kenton,Batrim,kbatrimh@de.vu,Male,Finnish,2002/06/03
19,Cy,Ricciardiello,cricciardielloi@fastcompany.com,Non-binary,Nepali,2000/08/30
20,Itch,Meeus,imeeusj@wikimedia.org,Polygender,Māori,1995/10/04
21,Gaelan,Mendonca,gmendoncak@who.int,Male,,1995/04/25
22,Gran,Couvert,gcouvertl@123-reg.co.uk,Male,Amharic,1995/08/05
23,Merna,Gergolet,mgergoletm@illinois.edu,Female,Tsonga,2005/02/10
24,Faustine,Morton,fmortonn@webs.com,Female,Dhivehi,2002/08/11
25,Weider,Bagott,wbagotto@apache.org,Male,,1993/12/23
26,Dione,Duddan,dduddanp@pcworld.com,Female,Haitian Creole,1991/05/02
27,Pen,Jobey,pjobeyq@kickstarter.com,Male,Quechua,1998/04/30
28,Faina,Willoughby,fwilloughbyr@mapy.cz,Female,Bengali,2000/05/21
29,Neile,Birkbeck,nbirkbecks@ebay.com,Female,Azeri,1994/08/20
30,Rowland,Janning,rjanningt@mlb.com,,Bosnian,1995/10/30
31,Pren,Immins,pimminsu@hp.com,Male,Yiddish,1992/01/09
32,Audrye,Ince,aincev@nps.gov,Female,Spanish,2003/02/15
33,Ivar,Langthorne,ilangthornew@reddit.com,Male,Kazakh,1996/10/07
34,Tarrance,Myring,tmyringx@alexa.com,Male,Amharic,1994/06/21
35,Chelsae,Luggar,cluggary@hibu.com,Female,,1994/07/18
36,Alejandro,Scardefield,ascardefieldz@jiathis.com,Genderfluid,Northern Sotho,1993/08/23
37,Marillin,Jeanin,mjeanin10@blogs.com,Female,,2002/07/12
38,Kiley,Kilbee,kkilbee11@dyndns.org,,Lithuanian,1994/09/07
39,Francyne,Copeland,fcopeland12@who.int,Female,Hungarian,1993/09/14
40,Zolly,Tomasicchio,ztomasicchio13@constantcontact.com,Polygender,Polish,1994/07/08
41,Lacy,Breakey,lbreakey14@photobucket.com,,Punjabi,1992/06/04
42,Esma,Rossander,erossander15@google.es,,,2003/03/12
43,Suzann,Duckels,sduckels16@imgur.com,Female,Dutch,1995/05/16
44,Evita,Harry,eharry17@friendfeed.com,Female,Icelandic,2001/07/15
45,Jedd,Farreil,jfarreil18@webeden.co.uk,Male,French,2000/06/10
46,Aldin,Zaniolo,azaniolo19@meetup.com,Polygender,Sotho,1997/12/08
47,Jock,Mowatt,jmowatt1a@aol.com,Male,English,1995/06/07
48,Leonidas,Blyth,lblyth1b@pen.io,Male,Spanish,1999/10/01
49,Price,Spelsbury,pspelsbury1c@gizmodo.com,Male,Japanese,2002/05/04
50,Matias,Leadbeatter,mleadbeatter1d@symantec.com,,Nepali,1994/10/11
51,Opaline,Grunson,ogrunson1e@shareasale.com,Female,Quechua,1994/03/09
52,Brook,Mariner,bmariner1f@nytimes.com,Female,,2004/12/13
53,Hoyt,Mileham,hmileham1g@va.gov,Male,Burmese,1999/02/27
54,Gonzalo,McGuiness,gmcguiness1h@samsung.com,Male,Italian,1997/02/22
55,Gisella,Ofield,gofield1i@phpbb.com,,Moldovan,1997/03/23
56,Dyann,Bonnier,dbonnier1j@google.cn,Female,Malayalam,1992/10/26
57,Jacquenette,Stallebrass,jstallebrass1k@scribd.com,Female,Bengali,1994/12/09
58,Karna,Calven,kcalven1l@artisteer.com,Female,Swahili,1995/11/22
59,Shandy,Caswell,scaswell1m@loc.gov,Female,Swati,1994/08/18
60,Winnah,Britney,wbritney1n@gravatar.com,Female,Zulu,1992/09/13
61,Baillie,Stanford,bstanford1o@ibm.com,Male,Georgian,1991/02/11
62,Fey,Mylchreest,fmylchreest1p@soundcloud.com,Female,Tajik,2002/02/04
63,Ronald,Carr,rcarr1q@wikia.com,Male,Catalan,1993/05/02
64,Uri,Silly,usilly1r@shinystat.com,,Dzongkha,2004/11/01
65,Ebeneser,Giacomi,egiacomi1s@prlog.org,Male,Croatian,1992/03/11
66,Tibold,Laydel,tlaydel1t@opensource.org,Male,Tajik,2000/02/21
67,Keslie,Nekrews,knekrews1u@nasa.gov,Female,,1991/03/26
68,Norina,Kissell,nkissell1v@i2i.jp,Female,Kannada,1998/05/03
69,Sanderson,Langsdon,slangsdon1w@mit.edu,Male,Swedish,1997/02/18
70,Thorn,Niblock,tniblock1x@deviantart.com,Male,Dhivehi,1995/09/15
71,Miller,Sarfas,msarfas1y@loc.gov,Male,Dutch,1996/08/20
72,Krysta,Danes,kdanes1z@loc.gov,Female,Luxembourgish,1997/11/26
73,Jocelyn,Sinkings,jsinkings20@paypal.com,Female,Swedish,1997/03/19
74,Davie,Swetenham,dswetenham21@redcross.org,Male,Afrikaans,1998/01/13
75,Patsy,Smithend,psmithend22@cbsnews.com,Male,Armenian,1993/07/16
76,Garnet,Ousley,gousley23@globo.com,Female,Portuguese,1998/04/10
77,Ora,Doolan,odoolan24@google.cn,Female,Dutch,1994/08/27
78,Jaymie,Mayhou,jmayhou25@51.la,Non-binary,Korean,2001/04/30
79,Patric,Kemish,pkemish26@chronoengine.com,Male,Tamil,1992/01/24
80,Latashia,Klemke,lklemke27@acquirethisname.com,Female,Burmese,2005/03/19
81,Ferdinanda,Darrach,fdarrach28@hao123.com,Female,Tajik,2005/03/30
82,Bret,Prott,bprott29@godaddy.com,Male,Hiri Motu,1995/05/27
83,Lin,Stailey,lstailey2a@cafepress.com,Male,Portuguese,2001/03/05
84,Viviyan,Trodd,vtrodd2b@hugedomains.com,Female,Japanese,1998/01/23
85,Lotte,Bollam,lbollam2c@yahoo.com,Female,Tok Pisin,1991/08/01
86,Farlie,Vardon,fvardon2d@w3.org,Male,Azeri,2001/07/06
87,Alida,Oattes,aoattes2e@google.es,Female,Telugu,2002/03/23
88,Englebert,Kliner,ekliner2f@reference.com,Male,,2002/06/03
89,Karola,Caughan,kcaughan2g@a8.net,Female,Croatian,2002/06/19
90,Nikolos,Weildish,nweildish2h@businesswire.com,,Thai,1998/12/13
91,Brant,Holtham,bholtham2i@gov.uk,,Georgian,1991/04/24
92,Bary,Lovat,blovat2j@wunderground.com,,Kannada,2005/01/11
93,Vickie,Kuhlen,vkuhlen2k@4shared.com,Female,Dzongkha,1998/07/18
94,Dunn,Blazewicz,dblazewicz2l@macromedia.com,Non-binary,Punjabi,1990/10/02
95,Norman,Slaght,nslaght2m@1und1.de,Male,Bosnian,1998/05/14
96,Steward,Newband,snewband2n@jiathis.com,Male,Haitian Creole,1998/08/23
97,Robinia,Garrish,rgarrish2o@geocities.jp,Female,Romanian,2001/06/30
98,Allard,Glave,aglave2p@ovh.net,Male,Dhivehi,1993/10/31
99,Otes,Moorfield,omoorfield2q@weebly.com,Male,Armenian,1997/06/02
100,Homere,Ingley,hingley2r@craigslist.org,Male,Italian,2000/03/09
101,Maxy,Sweeny,msweeny2s@microsoft.com,Male,Azeri,1999/09/09
102,Kiel,Megany,kmegany2t@hexun.com,Male,Albanian,2001/11/30
103,Manolo,Bellhanger,mbellhanger2u@blogtalkradio.com,Male,Japanese,1995/05/10
104,Selestina,Stangoe,sstangoe2v@reverbnation.com,Female,Albanian,2001/09/20
105,Garry,Banbrook,gbanbrook2w@networkadvertising.org,Male,Kurdish,1999/11/21
106,May,Ubsdell,mubsdell2x@latimes.com,Female,Latvian,2003/04/11
107,Diego,Cleveley,dcleveley2y@craigslist.org,Male,Gagauz,2004/05/28
108,Hedwig,Ysson,hysson2z@mlb.com,Female,Swahili,1999/09/08
109,Lamont,Bratley,lbratley30@ebay.co.uk,Male,Montenegrin,1994/09/04
110,Krissy,Bedward,kbedward31@wix.com,,Pashto,1993/11/25
111,Amberly,Shanahan,ashanahan32@noaa.gov,Female,Tsonga,1996/11/21
112,Taylor,Millyard,tmillyard33@squidoo.com,Male,Dhivehi,2005/03/16
113,Bernadene,Clavey,bclavey34@angelfire.com,Female,Danish,1998/08/06
114,Arlie,Gelly,agelly35@dailymail.co.uk,Female,West Frisian,1996/07/14
115,Brodie,Sigg,bsigg36@desdev.cn,Male,,2003/01/21
116,Kally,Matteuzzi,kmatteuzzi37@creativecommons.org,Female,Danish,1994/05/25
117,Greg,Branch,gbranch38@posterous.com,Agender,Tswana,1993/12/16
118,Richard,Boyford,rboyford39@yelp.com,Male,Swedish,2002/04/11
119,Izak,Hurburt,ihurburt3a@w3.org,Male,Tsonga,1991/11/08
120,Danica,Curnok,dcurnok3b@wisc.edu,Bigender,Arabic,1998/05/06
121,Marjory,Altree,maltree3c@google.ca,Female,Yiddish,1992/06/10
122,Rip,Shoobridge,rshoobridge3d@typepad.com,Male,Italian,1994/10/21
123,Britt,Spino,bspino3e@tinypic.com,Male,,1998/10/02
124,Gleda,Carrett,gcarrett3f@miitbeian.gov.cn,Female,Kazakh,2002/06/04
125,Merilee,Esby,mesby3g@sbwire.com,,West Frisian,1993/01/21
126,Adriena,Schild,aschild3h@jugem.jp,Female,Guaraní,1992/09/24
127,Gibb,Phinnessy,gphinnessy3i@go.com,Non-binary,Aymara,1996/11/16
128,Kermit,Atwool,katwool3j@businesswire.com,Male,Czech,2005/02/05
129,Dillie,Mordan,dmordan3k@disqus.com,Male,Arabic,1998/08/25
130,Cassandra,Garham,cgarham3l@purevolume.com,,Lao,1995/04/28
131,Oswell,Brazur,obrazur3m@bbc.co.uk,Male,,2003/01/18
132,Hanson,Burmaster,hburmaster3n@unc.edu,Male,Fijian,1995/10/15
133,Kristy,Woodburne,kwoodburne3o@bloglines.com,Female,Danish,2000/04/06
134,Savina,Bogart,sbogart3p@dot.gov,Female,Icelandic,1998/09/09
135,Margarita,Mayor,mmayor3q@smugmug.com,Female,,1994/07/06
136,Philis,Cheake,pcheake3r@jugem.jp,,Dari,2001/07/28
137,Betteanne,Kendrew,bkendrew3s@walmart.com,,Lithuanian,1999/10/09
138,Anita,Morrad,amorrad3t@google.com.hk,Female,Fijian,1998/07/10
139,Emlynn,Windram,ewindram3u@utexas.edu,Female,Bosnian,1998/05/26
140,Emory,Livzey,elivzey3v@godaddy.com,Male,,1999/07/27
141,Ripley,Heale,rheale3w@prnewswire.com,Male,Malay,1992/06/22
142,Kleon,Arnason,karnason3x@sbwire.com,Male,Bislama,1990/12/20
143,Beilul,Derks,bderks3y@reuters.com,Female,Kazakh,2000/05/28
144,Brandy,Paye,bpaye3z@ask.com,,English,1993/11/04
145,Silas,Tewes,stewes40@discuz.net,Male,Amharic,2003/05/02
146,Ella,McColm,emccolm41@rambler.ru,Female,Portuguese,1991/05/23
147,Helaine,Smogur,hsmogur42@tamu.edu,,Swati,2003/04/21
148,Annmaria,Mattia,amattia43@ycombinator.com,Female,Northern Sotho,2005/01/23
149,Derry,Boller,dboller44@mapy.cz,Male,,1999/06/20
150,Masha,Cohani,mcohani45@slideshare.net,Female,Dhivehi,1995/05/25
151,Rhea,Bayles,rbayles46@php.net,Female,Arabic,1993/06/10
152,Odessa,Follin,ofollin47@biblegateway.com,Female,Northern Sotho,1992/10/10
153,Iain,MacAvaddy,imacavaddy48@sciencedaily.com,Male,Ndebele,1999/01/20
154,Codee,Hedlestone,chedlestone49@shareasale.com,,Quechua,1993/02/15
155,Huberto,Francillo,hfrancillo4a@mayoclinic.com,Male,Malayalam,2003/10/07
156,Victoria,Cottie,vcottie4b@photobucket.com,,Quechua,1999/12/05
157,Ester,Morffew,emorffew4c@imageshack.us,Female,Malagasy,1992/10/21
158,Lilias,Dedrick,ldedrick4d@europa.eu,Polygender,Kashmiri,2003/02/11
159,Ora,Brinkley,obrinkley4e@state.tx.us,Female,Thai,2001/12/28
160,Federico,Guiett,fguiett4f@smugmug.com,,Nepali,1992/10/22
161,Rahal,Ianelli,rianelli4g@businessweek.com,Female,West Frisian,2003/03/17
162,Wallis,Wakeling,wwakeling4h@fema.gov,Female,Gagauz,1991/06/24
163,Shanan,Hullot,shullot4i@jiathis.com,Male,Khmer,1995/04/06
164,Wenonah,Tatton,wtatton4j@feedburner.com,Female,Indonesian,1997/05/20
165,Georgine,Elbourne,gelbourne4k@hp.com,Female,Nepali,1999/08/18
166,Jerrilee,Stopper,jstopper4l@myspace.com,Female,Tajik,1992/05/16
167,Cindee,Crease,ccrease4m@goo.gl,Female,Bosnian,2001/09/24
168,Wandie,Jilkes,wjilkes4n@lycos.com,Female,Bosnian,1998/03/10
169,Lincoln,Moncaster,lmoncaster4o@cam.ac.uk,Male,Marathi,1992/12/08
170,Hunfredo,Goeff,hgoeff4p@netscape.com,,Guaraní,1997/04/27
171,Meredith,Uccello,muccello4q@infoseek.co.jp,Male,Maltese,1994/05/17
172,Conrado,Strangman,cstrangman4r@mediafire.com,Male,Pashto,2003/09/26
173,Berke,Beisley,bbeisley4s@51.la,Male,Lithuanian,2002/06/27
174,Clemens,Colthard,ccolthard4t@globo.com,Male,Swahili,2004/08/12
175,Bruce,Murrow,bmurrow4u@miibeian.gov.cn,Bigender,Northern Sotho,1999/07/23
176,Henrie,Hinkins,hhinkins4v@angelfire.com,Bigender,Kannada,2003/10/21
177,Petunia,Brach,pbrach4w@photobucket.com,Female,Bengali,1998/10/22
178,Lanie,Bellwood,lbellwood4x@mail.ru,Male,Montenegrin,1999/08/28
179,Ignazio,Roache,iroache4y@example.com,Male,Bosnian,1994/06/11
180,Gleda,Bealton,gbealton4z@about.me,Female,Lao,2004/10/07
181,Riley,Suggey,rsuggey50@rakuten.co.jp,Male,Yiddish,2001/02/26
182,Morgan,Adamovsky,madamovsky51@theatlantic.com,Polygender,Nepali,1999/01/17
183,Karim,Murra,kmurra52@phoca.cz,Male,Burmese,1997/08/01
184,Lance,Claasen,lclaasen53@moonfruit.com,Male,Yiddish,2003/10/17
185,Anna-diana,Johns,ajohns54@dmoz.org,Female,Swati,1991/11/24
186,Loria,Rodolfi,lrodolfi55@slideshare.net,Female,Assamese,1994/11/23
187,Judd,Gauvin,jgauvin56@sbwire.com,Male,Icelandic,2002/11/10
188,Cissy,McKenny,cmckenny57@altervista.org,Female,Telugu,2003/10/21
189,Caesar,Joist,cjoist58@scientificamerican.com,Male,Dari,1990/09/24
190,Lemmie,Murty,lmurty59@livejournal.com,Male,Estonian,1990/11/04
191,Beckie,Mc Andrew,bmcandrew5a@friendfeed.com,Female,Papiamento,1998/03/27
192,Evelina,Sigsworth,esigsworth5b@cbsnews.com,Female,,1999/04/17
193,Liana,Egdell,legdell5c@etsy.com,,Tajik,1992/09/27
194,Dominik,Gariff,dgariff5d@ovh.net,Male,Romanian,1994/06/15
195,Alwin,Vannoni,avannoni5e@discovery.com,,Gujarati,2001/08/18
196,Ekaterina,Westcarr,ewestcarr5f@prlog.org,,Polish,1991/06/15
197,Eddie,Ladell,eladell5g@dmoz.org,Male,Dzongkha,1991/12/10
198,Terry,Pigney,tpigney5h@ebay.com,Polygender,Georgian,1996/10/09
199,Klaus,Becom,kbecom5i@adobe.com,Male,Nepali,1991/04/13
200,Carolynn,Duferie,cduferie5j@etsy.com,Female,Icelandic,1993/11/04
201,Xena,Arlet,xarlet5k@mapquest.com,Female,Gujarati,1995/06/04
202,Abbot,Lafee,alafee5l@over-blog.com,Male,Papiamento,2005/02/15
203,Theresina,Kinastan,tkinastan5m@google.cn,Female,Dhivehi,1991/02/16
204,Tobey,Michell,tmichell5n@bloomberg.com,Female,Greek,2000/04/03
205,Mohandis,Readshall,mreadshall5o@gmpg.org,Male,Catalan,1995/03/16
206,Fay,Apthorpe,fapthorpe5p@rakuten.co.jp,Female,Somali,1991/08/30
207,Cynthy,Tremlett,ctremlett5q@prnewswire.com,Non-binary,Amharic,1994/01/10
208,Pebrook,Neaves,pneaves5r@infoseek.co.jp,Genderqueer,Lao,2000/08/20
209,Rosco,Lefort,rlefort5s@barnesandnoble.com,Male,Guaraní,1995/01/04
210,Gregoor,Mirando,gmirando5t@chicagotribune.com,Male,Malayalam,2004/03/01
211,Joellyn,Gommowe,jgommowe5u@scribd.com,Female,Bengali,1998/07/27
212,Candace,Friedlos,cfriedlos5v@bbb.org,Female,Icelandic,1992/10/25
213,Adolf,Godley,agodley5w@marketwatch.com,Male,Azeri,1994/08/28
214,Elana,Bonn,ebonn5x@answers.com,Female,Dhivehi,2003/06/24
215,Findley,Flew,fflew5y@nps.gov,Male,Korean,2001/10/19
216,Corbin,Fernandes,cfernandes5z@tumblr.com,Male,Finnish,1993/03/28
217,Meredeth,Syrie,msyrie60@oaic.gov.au,Male,Belarusian,1993/12/01
218,Willa,Surgen,wsurgen61@mtv.com,Female,Kurdish,1991/09/11
219,Lolita,Emm,lemm62@cargocollective.com,,Macedonian,2000/05/01
220,Mavra,Everwin,meverwin63@wikimedia.org,Female,Lao,1994/04/06
221,Samara,Korejs,skorejs64@bloglines.com,Female,Thai,1992/02/16
222,Flem,Proger,fproger65@ifeng.com,Male,West Frisian,1994/05/03
223,Bendicty,Vasilevich,bvasilevich66@oakley.com,Male,Korean,2003/08/20
224,Rocky,Axten,raxten67@a8.net,Male,Korean,1996/01/21
225,Lark,Gieraths,lgieraths68@kickstarter.com,Female,French,1994/11/03
226,Debi,Brimacombe,dbrimacombe69@indiatimes.com,Female,Tswana,1995/11/24
227,Jerrilyn,Donnan,jdonnan6a@addtoany.com,Female,Thai,1991/11/24
228,Jacky,Eschelle,jeschelle6b@cornell.edu,Male,Lithuanian,1995/01/21
229,Aimil,Andrews,aandrews6c@dell.com,Female,Malayalam,1992/12/05
230,Ilario,Woolveridge,iwoolveridge6d@gravatar.com,Male,Somali,1992/01/06
231,Margy,Philcock,mphilcock6e@baidu.com,Female,Fijian,1998/02/21
232,Luise,Byneth,lbyneth6f@springer.com,Female,Czech,1994/08/01
233,Pattin,Lear,plear6g@e-recht24.de,,Ndebele,1996/04/01
234,Dyann,Ilyushkin,dilyushkin6h@army.mil,Female,Guaraní,1996/10/10
235,Vivyanne,Banfield,vbanfield6i@kickstarter.com,Female,Romanian,2000/03/10
236,Carilyn,Weagener,cweagener6j@amazon.de,Female,Icelandic,1998/10/22
237,Wyndham,Kenelin,wkenelin6k@house.gov,Male,Belarusian,2001/12/20
238,Danila,Jurca,djurca6l@comcast.net,Female,,2005/02/12
239,Roana,Gaishson,rgaishson6m@drupal.org,Female,Moldovan,1995/01/14
240,Christophe,Valentine,cvalentine6n@phoca.cz,Male,Swati,1995/08/12
241,Carling,Jammes,cjammes6o@who.int,Male,Mongolian,1992/08/04
242,Ira,Rich,irich6p@amazon.com,Polygender,Thai,1997/02/23
243,Daisie,Mitchard,dmitchard6q@gizmodo.com,Female,Czech,1994/04/10
244,Prudy,Dowle,pdowle6r@bravesites.com,Female,,1999/07/16
245,Clarke,Scatchard,cscatchard6s@liveinternet.ru,Male,Portuguese,1998/12/12
246,Vergil,Rae,vrae6t@godaddy.com,Male,Lithuanian,1991/09/24
247,Lexy,De Meis,ldemeis6u@reddit.com,Female,Bislama,2004/06/16
248,Karna,Gainfort,kgainfort6v@utexas.edu,,Irish Gaelic,2001/07/08
249,Rollin,Filyashin,rfilyashin6w@squarespace.com,Male,Bosnian,2000/07/12
250,Frasco,Pinor,fpinor6x@w3.org,Male,Moldovan,1995/05/13
251,Chandra,Dacombe,cdacombe6y@walmart.com,Agender,Kashmiri,1992/06/19
252,Isak,Skillman,iskillman6z@hibu.com,,Tetum,1992/07/14
253,Hilary,Blaisdell,hblaisdell70@msu.edu,Female,Polish,1999/09/16
254,Evvie,Casa,ecasa71@craigslist.org,Female,Ndebele,1997/07/13
255,Ines,O'Harney,ioharney72@google.de,Non-binary,Filipino,2002/06/15
256,Ross,Fishbourne,rfishbourne73@google.com,Male,Macedonian,1997/08/07
257,Naomi,Fowden,nfowden74@arizona.edu,Female,English,1991/05/06
258,Reta,Confort,rconfort75@nyu.edu,Female,Belarusian,1999/06/23
259,Amara,Munsey,amunsey76@dyndns.org,Female,Māori,2002/12/07
260,Wandie,Mitchard,wmitchard77@squarespace.com,Female,Persian,1991/09/17
261,Elka,Abram,eabram78@typepad.com,Female,Telugu,1996/06/25
262,Ty,Kettle,tkettle79@gravatar.com,,Burmese,1991/06/03
263,Melisent,Aiston,maiston7a@seesaa.net,Female,Filipino,1997/05/05
264,Garnette,Jerosch,gjerosch7b@vistaprint.com,Polygender,Quechua,2001/06/12
265,Martin,Goodings,mgoodings7c@cornell.edu,Male,Afrikaans,1993/11/16
266,Eamon,Janecek,ejanecek7d@cdc.gov,,Aymara,2001/10/29
267,Sara,Laweles,slaweles7e@g.co,Female,Tswana,1999/03/09
268,Darline,Castagnier,dcastagnier7f@census.gov,Female,Filipino,1997/05/29
269,Bertine,Patillo,bpatillo7g@sbwire.com,Female,Assamese,1999/02/06
270,Blaire,Joreau,bjoreau7h@eventbrite.com,Female,Dhivehi,1997/02/22
271,Jameson,Dismore,jdismore7i@nba.com,Male,Indonesian,1990/11/03
272,Clywd,Meaddowcroft,cmeaddowcroft7j@pen.io,Male,Spanish,1991/04/06
273,Camellia,Rawsthorne,crawsthorne7k@cbsnews.com,Female,Zulu,2002/09/01
274,Corinne,Wilflinger,cwilflinger7l@digg.com,Female,Maltese,2002/06/25
275,Blondelle,Morrel,bmorrel7m@home.pl,Female,Fijian,2004/04/27
276,Alma,Evitts,aevitts7n@state.tx.us,Female,Irish Gaelic,1998/01/16
277,Chance,Marconi,cmarconi7o@nps.gov,Male,,2005/06/04
278,Esteban,Abell,eabell7p@wisc.edu,,Tswana,2005/05/30
279,Flor,Theis,ftheis7q@google.cn,Female,Fijian,2002/09/20
280,Joice,Soan,jsoan7r@craigslist.org,Genderfluid,Yiddish,1992/02/08
281,Germayne,Kop,gkop7s@wordpress.com,Male,Catalan,2000/02/14
282,Maribeth,MacGlory,mmacglory7t@ftc.gov,Female,Swati,2003/10/28
283,Lorrie,Flemming,lflemming7u@theguardian.com,,Thai,1991/04/21
284,Adel,Upcott,aupcott7v@netscape.com,Female,Kashmiri,1999/05/28
285,Lynn,Cantos,lcantos7w@webmd.com,Male,Romanian,1998/06/22
286,Anselma,Surphliss,asurphliss7x@springer.com,Female,Māori,2003/06/02
287,Chad,Bertelsen,cbertelsen7y@zimbio.com,Male,,1997/11/21
288,Sally,Cumberlidge,scumberlidge7z@tripadvisor.com,,Quechua,2002/06/07
289,Mickey,Beckensall,mbeckensall80@bbb.org,Male,Persian,1991/12/02
290,Torr,Wardell,twardell81@springer.com,Male,Khmer,2002/12/26
291,Lonnard,Mangon,lmangon82@51.la,Male,,2004/01/08
292,Krystalle,Karpf,kkarpf83@chron.com,Female,Tok Pisin,1993/10/01
293,Bettye,Lilleyman,blilleyman84@istockphoto.com,Female,Kurdish,1992/05/10
294,Rikki,Bamb,rbamb85@ucla.edu,Female,Belarusian,1994/11/30
295,Wendie,Wilshaw,wwilshaw86@hexun.com,Female,Indonesian,1996/08/23
296,Darby,Smieton,dsmieton87@baidu.com,Male,Portuguese,2005/05/02
297,Carita,Attride,cattride88@google.com.au,Female,Gagauz,2005/07/24
298,Broddie,Ledwich,bledwich89@mayoclinic.com,Male,Persian,1996/10/19
299,Raoul,Lufkin,rlufkin8a@moonfruit.com,Male,Zulu,2004/01/21
300,Horst,Franchioni,hfranchioni8b@youku.com,Male,Gagauz,2004/03/27
301,Reagan,MacNeilley,rmacneilley8c@sourceforge.net,Male,Macedonian,1992/08/21
302,Lauretta,Bridgett,lbridgett8d@cafepress.com,Female,Albanian,1999/06/14
303,Georgianna,Santi,gsanti8e@i2i.jp,Female,Filipino,1990/12/09
304,Della,Le Lievre,dlelievre8f@paypal.com,Female,Kannada,1991/11/06
305,Oswald,Garatty,ogaratty8g@discuz.net,Male,Quechua,1999/02/06
306,Kevon,Pegler,kpegler8h@ihg.com,Male,,1992/05/10
307,Janeta,Bubbins,jbubbins8i@businessweek.com,,Arabic,2004/03/27
308,Aggi,Trusler,atrusler8j@odnoklassniki.ru,,Tsonga,1996/01/13
309,Yancey,Purves,ypurves8k@devhub.com,,,1991/12/17
310,Faith,Sedgmond,fsedgmond8l@abc.net.au,Female,Filipino,1995/08/24
311,Annice,Belvin,abelvin8m@shareasale.com,Female,Hebrew,2001/06/18
312,Forbes,Sangwin,fsangwin8n@columbia.edu,Male,Lithuanian,1991/01/19
313,Pierson,Bordman,pbordman8o@de.vu,Genderfluid,English,1997/05/16
314,Evonne,Harpin,eharpin8p@house.gov,Female,Kurdish,2005/05/28
315,Spence,Isham,sisham8q@1688.com,Male,Māori,1991/09/18
316,Ferdinanda,Rohfsen,frohfsen8r@amazon.com,Female,Bosnian,1991/08/12
317,Karla,Redholes,kredholes8s@spotify.com,Female,Lao,1998/08/26
318,Gerhardt,Waycott,gwaycott8t@163.com,Male,Gagauz,1995/10/21
319,Reese,Vanelli,rvanelli8u@list-manage.com,Male,Bengali,2004/01/02
320,Oswald,Twinn,otwinn8v@technorati.com,Agender,Tetum,1995/07/12
321,Theo,Queripel,tqueripel8w@toplist.cz,Male,Nepali,2003/07/12
322,Emmey,Guillard,eguillard8x@geocities.jp,Genderfluid,Fijian,1991/03/13
323,Gannon,Corpe,gcorpe8y@mlb.com,Male,,1999/03/09
324,Aleta,Dormer,adormer8z@mapy.cz,Female,Gagauz,1994/01/23
325,Wakefield,Hunting,whunting90@ovh.net,Male,Malay,1992/10/03
326,Herculie,Bauldry,hbauldry91@desdev.cn,,English,1991/02/04
327,Phaidra,Proske,pproske92@booking.com,Female,Dhivehi,1998/08/30
328,Emanuele,Lavies,elavies93@whitehouse.gov,Male,Tamil,1993/02/16
329,Homere,Pack,hpack94@tuttocitta.it,,Malayalam,1993/06/20
330,Antoine,Hempel,ahempel95@microsoft.com,,Hungarian,1992/10/22
331,Jarrid,Dies,jdies96@homestead.com,Male,,1990/11/06
332,Bell,Schleicher,bschleicher97@nature.com,Female,Icelandic,1995/09/02
333,Harriet,Mitskevich,hmitskevich98@paginegialle.it,Female,Somali,1996/07/14
334,Bastian,Marklin,bmarklin99@multiply.com,Male,Assamese,1992/05/19
335,Bernarr,Rivilis,brivilis9a@huffingtonpost.com,Male,Hebrew,1995/06/04
336,Kyle,Brockman,kbrockman9b@independent.co.uk,,Mongolian,1991/10/06
337,Auberta,Oxenham,aoxenham9c@princeton.edu,Female,Estonian,1993/02/22
338,Fin,Bysh,fbysh9d@tuttocitta.it,Male,,1998/06/02
339,Cathe,Gobeaux,cgobeaux9e@merriam-webster.com,Bigender,Bislama,1998/09/13
340,Marv,Sey,msey9f@hatena.ne.jp,Male,Oriya,1993/07/20
341,Trueman,Warcop,twarcop9g@lycos.com,Male,Malay,1998/06/06
342,Levy,De La Haye,ldelahaye9h@printfriendly.com,Male,Italian,1999/12/20
343,Willy,Laneham,wlaneham9i@ucsd.edu,Bigender,,2005/07/04
344,Abbey,Rowcastle,arowcastle9j@freewebs.com,Male,Armenian,2005/06/26
345,Caralie,Lankford,clankford9k@google.it,Female,Swahili,1995/12/04
346,Claudian,McGreil,cmcgreil9l@google.co.uk,,West Frisian,2005/06/17
347,Ynes,Gillitt,ygillitt9m@go.com,Female,,1998/10/07
348,Diena,Brogden,dbrogden9n@g.co,,Guaraní,2000/10/06
349,Rodger,Pietruschka,rpietruschka9o@google.com.hk,Male,Fijian,1991/09/28
350,Marcy,Dann,mdann9p@blinklist.com,,,2004/04/14
351,Maryanna,Nowaczyk,mnowaczyk9q@wisc.edu,Bigender,,2004/03/07
352,Orrin,Walewicz,owalewicz9r@who.int,Male,French,1994/07/18
353,Ruprecht,Yexley,ryexley9s@whitehouse.gov,Male,Swati,2002/10/26
354,Haily,Chilver,hchilver9t@wikimedia.org,,Macedonian,1995/12/21
355,Eldridge,Frankiewicz,efrankiewicz9u@ed.gov,Male,,1995/10/24
356,Lorin,Craker,lcraker9v@skype.com,Male,Arabic,1995/02/11
357,Raphael,McKeachie,rmckeachie9w@usa.gov,Male,,1998/11/20
358,Gradey,Coughlan,gcoughlan9x@usgs.gov,Male,Malayalam,2002/09/03
359,Jermayne,Nuton,jnuton9y@deliciousdays.com,Male,Bulgarian,1993/12/02
360,Randy,Redbourn,rredbourn9z@ow.ly,Male,,2001/06/24
361,Donalt,Edgerly,dedgerlya0@vistaprint.com,Male,Swedish,1993/08/23
362,Irwinn,Rosenwald,irosenwalda1@unicef.org,Male,Hebrew,1992/07/15
363,Etienne,Glanz,eglanza2@comsenz.com,Male,,2003/08/17
364,Jena,Shovelton,jshoveltona3@blogger.com,Female,,1998/02/28
365,Titus,Haslegrave,thaslegravea4@nationalgeographic.com,Male,Finnish,1999/10/10
366,Alley,Robertsen,arobertsena5@mediafire.com,Male,Korean,2005/03/18
367,Libbie,Keirle,lkeirlea6@bbb.org,Female,Arabic,1997/08/31
368,Kaleb,Yandle,kyandlea7@livejournal.com,Male,Maltese,2001/01/01
369,Stillman,Puvia,spuviaa8@wikipedia.org,Male,,2000/04/08
370,Merill,MacIlraith,mmacilraitha9@feedburner.com,Male,Azeri,2004/08/27
371,Giulia,Matous,gmatousaa@technorati.com,,Fijian,2003/07/04
372,Malvina,O'Moylane,momoylaneab@skyrock.com,Female,Bengali,1994/06/09
373,Wolfie,Lomen,wlomenac@businessinsider.com,Male,Hiri Motu,1995/04/21
374,Giustina,Golborn,ggolbornad@weebly.com,Female,Tamil,2002/02/19
375,Darrelle,Swinbourne,dswinbourneae@princeton.edu,Female,Haitian Creole,1998/05/12
376,Mark,Boyton,mboytonaf@goo.ne.jp,Male,Nepali,2000/12/27
377,Onfre,Hallybone,ohallyboneag@ameblo.jp,Male,Filipino,1999/01/26
378,Daniela,Guidone,dguidoneah@alexa.com,Female,Assamese,1992/08/03
379,Kristen,Imm,kimmai@sciencedirect.com,Female,Moldovan,2004/12/08
380,Faith,Hiddy,fhiddyaj@time.com,Female,Dzongkha,1994/04/25
381,Reggie,Scotchmur,rscotchmurak@home.pl,Genderqueer,Greek,2002/08/17
382,Hymie,Dartnell,hdartnellal@nps.gov,Male,Japanese,2000/01/24
383,Arlee,Gioan,agioanam@xrea.com,Female,Kashmiri,1996/06/21
384,Madelina,Minigo,mminigoan@drupal.org,Female,Pashto,1990/11/06
385,Christean,Piens,cpiensao@goo.ne.jp,Female,Spanish,1993/09/07
386,Farlay,Entwisle,fentwisleap@wsj.com,Male,Papiamento,2005/04/04
387,Madlin,Leeming,mleemingaq@uol.com.br,Female,,2004/07/22
388,Georgia,McGettrick,gmcgettrickar@dyndns.org,,Finnish,1996/10/11
389,Nicolas,Splaven,nsplavenas@cam.ac.uk,Male,Korean,2001/02/24
390,Krissie,Goadbie,kgoadbieat@fc2.com,Female,Hindi,2003/05/13
391,Georgeanna,Klimaszewski,gklimaszewskiau@clickbank.net,Female,Kurdish,1996/01/12
392,Templeton,Garry,tgarryav@cyberchimps.com,,Hebrew,1997/08/24
393,Nicolle,Braidon,nbraidonaw@army.mil,Female,Persian,2001/10/08
394,Perri,Despenser,pdespenserax@netvibes.com,Female,Norwegian,1993/07/06
395,Moise,Kelson,mkelsonay@e-recht24.de,Male,Dhivehi,1997/02/03
396,Dominica,Georgievski,dgeorgievskiaz@shinystat.com,Female,Afrikaans,1994/09/30
397,Kristel,Karlicek,kkarlicekb0@tiny.cc,Female,Greek,2002/06/03
398,Gottfried,Binion,gbinionb1@netscape.com,Genderqueer,Kurdish,2004/04/28
399,Andrey,Purshouse,apurshouseb2@google.pl,Male,Tok Pisin,1993/11/19
400,Jean,St. Hill,jsthillb3@mediafire.com,Male,Tsonga,2003/06/30
401,Abra,Castelli,acastellib4@sciencedirect.com,Polygender,Persian,2000/11/30
402,Grant,Gheorghescu,ggheorghescub5@rediff.com,Non-binary,,2001/10/11
403,Ariel,Gilbert,agilbertb6@elpais.com,Female,Punjabi,2004/01/25
404,Stevana,Sails,ssailsb7@last.fm,Female,Gagauz,1998/12/10
405,Catharine,Matejovsky,cmatejovskyb8@washingtonpost.com,Female,Nepali,1999/10/10
406,Shelden,Capron,scapronb9@baidu.com,Male,Ndebele,1994/07/05
407,Raychel,Feveryear,rfeveryearba@eventbrite.com,Female,Tsonga,1993/01/10
408,Zita,Parfett,zparfettbb@google.com.br,Female,Hiri Motu,1992/11/11
409,Benedicto,Bister,bbisterbc@engadget.com,Male,Arabic,2001/05/11
410,Raffarty,Mathys,rmathysbd@a8.net,Male,Indonesian,2002/02/21
411,Oliver,Winsley,owinsleybe@ftc.gov,Male,Lithuanian,2000/11/07
412,Benyamin,Stammirs,bstammirsbf@imgur.com,Male,German,1995/06/28
413,Heida,Churches,hchurchesbg@livejournal.com,Female,Assamese,1994/02/03
414,Gloria,Gell,ggellbh@oaic.gov.au,Female,Punjabi,1991/12/31
415,Marybelle,Ferne,mfernebi@indiegogo.com,Female,Māori,1993/08/21
416,Elvina,Kellegher,ekellegherbj@who.int,Female,Bulgarian,1998/06/27
417,Anabella,Levey,aleveybk@simplemachines.org,,Somali,1992/05/31
418,Danie,Lautie,dlautiebl@tiny.cc,Male,Sotho,1998/10/26
419,Peg,Burles,pburlesbm@google.cn,Female,West Frisian,2001/06/03
420,Alexa,Pickston,apickstonbn@w3.org,Female,,1999/04/11
421,Farly,Stoyle,fstoylebo@cmu.edu,Male,,2005/03/06
422,Sabina,Sigge,ssiggebp@paypal.com,Female,Swahili,2000/07/12
423,Temp,Lodden,tloddenbq@uiuc.edu,Male,,1996/07/15
424,Quinta,Larrad,qlarradbr@sbwire.com,Female,Lao,1999/08/16
425,Randolf,Cleve,rclevebs@comsenz.com,Male,Filipino,2004/07/01
426,Nikita,Hubbock,nhubbockbt@cocolog-nifty.com,Male,Tamil,1997/01/22
427,Gaynor,Darco,gdarcobu@hp.com,Female,Icelandic,1995/01/13
428,Chariot,Portch,cportchbv@redcross.org,Male,Macedonian,2004/11/06
429,Rorke,Itscowicz,ritscowiczbw@twitter.com,,Danish,1993/05/25
430,Crystie,Blasl,cblaslbx@networksolutions.com,Female,Dari,1999/04/26
431,Godwin,Ison,gisonby@drupal.org,Male,Estonian,2000/11/15
432,Tobey,Brierton,tbriertonbz@1688.com,Female,Belarusian,1997/04/04
433,Dasie,Yitzhok,dyitzhokc0@hubpages.com,,Kashmiri,2001/06/09
434,Melina,Neumann,mneumannc1@salon.com,Female,Albanian,1992/02/01
435,Paule,Labbey,plabbeyc2@cpanel.net,Female,Pashto,1996/03/28
436,Darcy,Moland,dmolandc3@yandex.ru,Female,Assamese,1999/11/26
437,Boote,Cremins,bcreminsc4@techcrunch.com,,Korean,2004/02/15
438,Judas,Sherborne,jsherbornec5@123-reg.co.uk,Male,Zulu,2005/05/03
439,Kile,Polon,kpolonc6@dion.ne.jp,,Tswana,1990/10/27
440,Shaw,Scholard,sscholardc7@uiuc.edu,Male,Tetum,1992/08/22
441,Jilleen,Klimov,jklimovc8@pinterest.com,Female,Kurdish,1992/02/05
442,Coraline,Castellaccio,ccastellaccioc9@mac.com,Female,German,1993/01/11
443,Goober,Yashunin,gyashuninca@usa.gov,Male,Tajik,2001/06/06
444,Jobye,Becarra,jbecarracb@dyndns.org,Female,Italian,1997/01/14
445,Dom,Botterman,dbottermancc@illinois.edu,Male,Irish Gaelic,1998/11/03
446,Brose,Loxton,bloxtoncd@businesswire.com,Male,Latvian,1996/11/20
447,Evangeline,Cargen,ecargence@accuweather.com,Female,Indonesian,2005/04/13
448,Francene,Gillivrie,fgillivriecf@slate.com,Female,Hebrew,2000/07/27
449,Jennica,Stallwood,jstallwoodcg@wikipedia.org,Female,,2001/01/08
450,Mariele,Olliver,molliverch@wsj.com,Female,Spanish,1991/01/19
451,Rubie,Dacke,rdackeci@chicagotribune.com,Female,,1994/01/10
452,Kittie,Cady,kcadycj@google.com.br,Female,Burmese,1991/06/22
453,Kamillah,Nand,knandck@adobe.com,Female,,1994/03/20
454,Aristotle,Grelik,agrelikcl@miibeian.gov.cn,Male,Telugu,1992/01/19
455,Anne-corinne,Hasser,ahassercm@answers.com,Female,Malay,1999/01/06
456,Dennie,Downage,ddownagecn@thetimes.co.uk,Male,Belarusian,1991/12/10
457,Egor,Ahlin,eahlinco@wikimedia.org,Male,Luxembourgish,1996/08/31
458,Cathe,Minchella,cminchellacp@github.io,Female,Moldovan,2000/04/15
459,Corby,Cantopher,ccantophercq@bravesites.com,Male,Telugu,1996/11/17
460,Ardath,Smolan,asmolancr@virginia.edu,Female,,1997/01/30
461,Eugen,De Brett,edebrettcs@t.co,Male,Swedish,2004/11/07
462,Lloyd,Mourgue,lmourguect@furl.net,Male,Korean,2003/02/14
463,Nataniel,Burgum,nburgumcu@bbb.org,Male,Zulu,1992/03/02
464,Clarke,Leonards,cleonardscv@creativecommons.org,Male,Gagauz,2004/03/04
465,Daryl,Bullin,dbullincw@google.nl,Female,West Frisian,2003/07/11
466,Alexandrina,Rosetti,arosetticx@bloomberg.com,Female,Indonesian,2001/06/30
467,Trevor,Mattson,tmattsoncy@canalblog.com,Bigender,,1993/01/15
468,Putnam,End,pendcz@youtube.com,Non-binary,German,1991/10/20
469,Caryl,Pomery,cpomeryd0@google.co.jp,Male,Kashmiri,2001/11/18
470,Tome,Dettmar,tdettmard1@ameblo.jp,Male,Croatian,2004/01/02
471,Derry,Kennagh,dkennaghd2@google.co.uk,Male,Luxembourgish,1994/04/04
472,Stefan,Sysland,ssyslandd3@blinklist.com,Male,,1997/05/13
473,Delainey,Daft,ddaftd4@shutterfly.com,Male,Bosnian,1996/02/10
474,Gweneth,Killerby,gkillerbyd5@abc.net.au,Female,Hungarian,1994/09/22
475,Gabriel,Lampe,glamped6@utexas.edu,,Polish,2004/01/21
476,Pincus,Skpsey,pskpseyd7@paypal.com,Male,Kashmiri,2001/05/13
477,Terrill,Chalmers,tchalmersd8@toplist.cz,Male,,1994/10/21
478,Helga,Scramage,hscramaged9@umn.edu,Female,Swedish,2002/04/24
479,Natasha,Jandak,njandakda@addthis.com,Female,Punjabi,1998/11/10
480,Raimondo,Padgham,rpadghamdb@multiply.com,Male,Tok Pisin,1995/08/29
481,Cassius,Stampfer,cstampferdc@goo.gl,Male,,1998/10/18
482,Jae,Drane,jdranedd@wisc.edu,Non-binary,Dhivehi,2000/06/28
483,Derril,Hamlet,dhamletde@vkontakte.ru,Male,Tsonga,1994/03/06
484,Marius,Horsefield,mhorsefielddf@yandex.ru,Male,Oriya,1993/11/23
485,Syd,Mellon,smellondg@yahoo.com,Male,Italian,1994/01/18
486,Iolanthe,Ballintyne,iballintynedh@opensource.org,Female,Māori,1994/12/17
487,Elizabet,Dilger,edilgerdi@flavors.me,Female,Polish,1991/04/25
488,Gifford,Castletine,gcastletinedj@xrea.com,Male,Thai,1992/10/25
489,Dinny,Burnel,dburneldk@java.com,Female,Afrikaans,1999/10/21
490,Ashbey,Krolak,akrolakdl@wp.com,Polygender,,2001/08/07
491,Aimee,Kimmons,akimmonsdm@angelfire.com,,Kyrgyz,1998/05/16
492,Nathalia,Shercliff,nshercliffdn@skype.com,Female,Assamese,2000/10/11
493,Vitoria,Lippard,vlipparddo@vk.com,Female,Danish,1998/06/12
494,Eden,Tutill,etutilldp@vistaprint.com,Female,Irish Gaelic,2004/11/02
495,Sorcha,Fransoni,sfransonidq@chron.com,Female,Pashto,1994/07/17
496,Arden,Domeney,adomeneydr@imdb.com,Female,Burmese,1998/03/31
497,Florentia,Cardero,fcarderods@mashable.com,Female,,2004/01/20
498,Evanne,Franies,efraniesdt@indiegogo.com,Female,Punjabi,2001/05/05
499,Jen,Drayton,jdraytondu@blogspot.com,Female,Sotho,1996/11/20
500,Gerrie,Cloughton,gcloughtondv@kickstarter.com,Female,Aymara,1993/09/12
501,Terra,Rihosek,trihosekdw@cdbaby.com,Female,Hiri Motu,1990/11/27
502,Thelma,Eva,tevadx@archive.org,Female,Spanish,2000/04/21
503,Ritchie,Redish,rredishdy@nature.com,Male,Bengali,2002/05/02
504,Dorri,Roscamps,droscampsdz@washingtonpost.com,Female,Quechua,2002/09/13
505,Luise,Winspurr,lwinspurre0@house.gov,Female,Malagasy,2003/01/18
506,Celinda,Juszkiewicz,cjuszkiewicze1@ovh.net,Female,Georgian,1996/02/15
507,Tammara,Gheeraert,tgheeraerte2@zimbio.com,Female,Tswana,1996/05/08
508,Hoyt,Scourfield,hscourfielde3@blogspot.com,Male,Burmese,1998/09/15
509,Verina,Gowling,vgowlinge4@joomla.org,Female,Croatian,2001/10/14
510,Giraud,Alekseev,galekseeve5@tmall.com,Male,Greek,2005/06/25
511,Berty,Bradlaugh,bbradlaughe6@g.co,,Zulu,2004/11/13
512,Dwain,Errett,derrette7@google.com.br,Male,Swati,2000/02/23
513,Sarita,Barneveld,sbarnevelde8@deliciousdays.com,,Korean,2002/04/23
514,Audie,Parnaby,aparnabye9@census.gov,Female,,1992/04/22
515,Karlen,Starr,kstarrea@wisc.edu,Non-binary,,2001/08/19
516,Stan,Niccols,sniccolseb@gizmodo.com,Male,,1995/08/14
517,Shawn,Laise,slaiseec@delicious.com,Male,Bosnian,1995/07/19
518,Eachelle,Aldwick,ealdwicked@craigslist.org,Female,Mongolian,1998/04/24
519,Ethan,Saltsberg,esaltsbergee@elpais.com,Male,Azeri,1993/03/25
520,Andrus,MacCauley,amaccauleyef@mozilla.org,Male,Bulgarian,1993/01/12
521,Debor,Esposito,despositoeg@dion.ne.jp,Female,Icelandic,2002/01/30
522,Kennett,Ferrari,kferrarieh@tripadvisor.com,,Montenegrin,1992/07/18
523,Rafaelia,Bails,rbailsei@google.com,Female,Māori,2003/11/28
524,Tiphany,Adair,tadairej@google.pl,Female,Lao,1990/11/19
525,Sutton,Outright,soutrightek@ihg.com,Male,Armenian,1999/02/11
526,Jdavie,Grayshan,jgrayshanel@telegraph.co.uk,Male,Marathi,2002/09/20
527,Bartolemo,Suart,bsuartem@patch.com,Male,German,1993/11/13
528,Sonny,Dymocke,sdymockeen@dot.gov,Female,,1996/11/13
529,Delphine,Rallin,drallineo@timesonline.co.uk,Female,Gagauz,1990/12/25
530,Desi,Echallier,dechallierep@geocities.jp,Male,Hindi,1996/05/01
531,Jackie,Januszkiewicz,jjanuszkiewiczeq@webs.com,Female,Finnish,2001/07/18
532,Korey,Kuhwald,kkuhwalder@mysql.com,,Icelandic,2000/06/07
533,Lazaro,Mawne,lmawnees@amazon.com,Male,Kannada,1993/10/11
534,Kaila,Auten,kautenet@youtu.be,,Tetum,1997/01/08
535,Daisy,Mattielli,dmattiellieu@fastcompany.com,Female,Arabic,2002/03/27
536,Dale,Mulqueen,dmulqueenev@studiopress.com,Female,Tetum,1991/10/20
537,Kerk,de Almeida,kdealmeidaew@cpanel.net,Male,Macedonian,2003/10/08
538,Wayne,Bugs,wbugsex@who.int,,Fijian,2002/12/21
539,Aymer,Inns,ainnsey@qq.com,Male,Kashmiri,2005/07/01
540,Maura,Prosh,mproshez@rakuten.co.jp,,English,2000/08/06
541,Kalina,Elijahu,kelijahuf0@home.pl,Female,English,2003/09/29
542,Sterling,Rasher,srasherf1@yellowpages.com,Male,Gagauz,2000/12/01
543,Weider,Scales,wscalesf2@spotify.com,Male,Romanian,1991/03/20
544,Everard,Viste,evistef3@free.fr,,Thai,1992/06/08
545,Virgil,Finessy,vfinessyf4@drupal.org,Male,West Frisian,2000/02/13
546,Steve,Tunmore,stunmoref5@cnn.com,Male,Oriya,2004/05/22
547,Atlante,Mulchrone,amulchronef6@wordpress.org,Agender,Portuguese,1995/04/24
548,Alla,Costelow,acostelowf7@wsj.com,Female,Malay,1996/03/17
549,Idette,Coxen,icoxenf8@wp.com,Female,Hebrew,2000/11/08
550,Ainslee,Vasiltsov,avasiltsovf9@dedecms.com,Female,Malayalam,1991/04/20
551,Ashely,Andover,aandoverfa@bizjournals.com,Female,Lithuanian,1992/01/12
552,Dex,Dace,ddacefb@comcast.net,Male,German,2001/07/25
553,Dyanne,Gordon,dgordonfc@google.com,Female,Bengali,1997/07/12
554,Giustino,Dorkens,gdorkensfd@telegraph.co.uk,Male,Czech,2002/05/11
555,Emmett,Awde,eawdefe@list-manage.com,Male,Arabic,1998/09/15
556,Genni,Bannon,gbannonff@cbc.ca,Female,,1992/04/24
557,Wolfie,Paoloni,wpaolonifg@tuttocitta.it,Genderfluid,Hebrew,1998/03/20
558,Kati,Shipway,kshipwayfh@canalblog.com,Female,Filipino,1991/11/28
559,Sharia,Sharpling,ssharplingfi@msu.edu,Female,English,2000/04/18
560,Malanie,Codi,mcodifj@elegantthemes.com,Female,Kazakh,1992/01/14
561,Charleen,Jurgen,cjurgenfk@who.int,Genderfluid,Tajik,1997/08/09
562,Durand,Cowins,dcowinsfl@examiner.com,,Afrikaans,2005/07/30
563,Leshia,Samarth,lsamarthfm@go.com,Female,Tok Pisin,2005/01/13
564,Gale,Howatt,ghowattfn@shop-pro.jp,Agender,Czech,1992/10/16
565,Terencio,Marchbank,tmarchbankfo@eventbrite.com,Male,,2000/11/19
566,Lou,Brayley,lbrayleyfp@lulu.com,Female,Romanian,1999/12/22
567,Palmer,Leigh,pleighfq@vistaprint.com,,Tok Pisin,1994/05/23
568,Roosevelt,Tigwell,rtigwellfr@columbia.edu,Male,Marathi,1999/05/06
569,Roselia,Jeffries,rjeffriesfs@adobe.com,Female,,2000/04/11
570,Valera,Swayne,vswayneft@toplist.cz,Female,Somali,1995/03/07
571,Raquel,MacGilfoyle,rmacgilfoylefu@nydailynews.com,Polygender,Bulgarian,2000/08/15
572,Lotte,Salvati,lsalvatifv@theguardian.com,Female,Lao,1994/05/22
573,Wendell,McKew,wmckewfw@sogou.com,Male,Norwegian,2000/11/09
574,Roderich,Gath,rgathfx@prweb.com,Male,,1990/10/23
575,Merna,Claremont,mclaremontfy@fastcompany.com,Female,Tsonga,2004/02/15
576,Heriberto,Polkinghorne,hpolkinghornefz@engadget.com,Male,Latvian,2003/08/28
577,Gennifer,Pittway,gpittwayg0@usa.gov,Female,Norwegian,1992/03/17
578,Alis,Ebanks,aebanksg1@oracle.com,Female,Danish,2001/11/04
579,Newton,Iltchev,niltchevg2@wufoo.com,Male,Dzongkha,1997/08/25
580,Courtnay,Giraudeau,cgiraudeaug3@bandcamp.com,Female,Lithuanian,1998/09/04
581,Ave,Georg,ageorgg4@amazon.de,Male,Swahili,1999/01/18
582,Katee,Fullerton,kfullertong5@scribd.com,Female,Afrikaans,1991/11/21
583,Nate,Heibel,nheibelg6@vkontakte.ru,Non-binary,Arabic,2001/05/24
584,Micki,Coomber,mcoomberg7@ning.com,Female,Ndebele,1994/03/08
585,Orella,Bompass,obompassg8@salon.com,Female,Bengali,2002/08/18
586,Brigg,Oxbrow,boxbrowg9@addtoany.com,Male,French,1998/11/29
587,Allyce,Boone,aboonega@netvibes.com,Female,Dzongkha,1992/05/15
588,Hortense,Dilland,hdillandgb@amazon.de,Female,Tswana,1995/01/20
589,Joseito,Eastcourt,jeastcourtgc@simplemachines.org,Male,Korean,2004/12/05
590,Byrom,Matityahu,bmatityahugd@sitemeter.com,Male,Italian,1998/05/10
591,Kath,McIntosh,kmcintoshge@unblog.fr,Female,,2000/10/20
592,Dannie,Bothram,dbothramgf@quantcast.com,Bigender,Norwegian,1999/01/02
593,Drucy,Krishtopaittis,dkrishtopaittisgg@de.vu,Agender,Papiamento,2002/04/20
594,Roxane,Gimson,rgimsongh@microsoft.com,Agender,Burmese,1999/08/11
595,Alair,Frushard,afrushardgi@census.gov,Male,Swahili,1998/08/27
596,Bud,Seear,bseeargj@storify.com,Male,,2000/02/13
597,Aldous,Braywood,abraywoodgk@joomla.org,,Kazakh,1999/01/29
598,Kristofor,McKeney,kmckeneygl@jigsy.com,Male,Gagauz,1996/03/25
599,Claiborn,Lievesley,clievesleygm@cnbc.com,Genderfluid,Thai,1994/03/05
600,Granger,Wards,gwardsgn@yandex.ru,Male,,2000/04/27
601,Bone,Rilings,brilingsgo@reference.com,Male,Maltese,1995/06/22
602,Valentin,Hegg,vhegggp@princeton.edu,Male,Telugu,1994/09/13
603,Lacey,Altofts,laltoftsgq@wikispaces.com,Female,Fijian,1990/09/23
604,Caddric,Belmont,cbelmontgr@reference.com,Male,Marathi,2002/09/16
605,Akim,Sparway,asparwaygs@google.de,Male,Quechua,2000/11/17
606,Anthiathia,McConaghy,amcconaghygt@umn.edu,Female,Thai,1998/08/28
607,Parker,Scarrott,pscarrottgu@ameblo.jp,Male,Portuguese,1998/03/06
608,Giuditta,Pohl,gpohlgv@japanpost.jp,Female,Khmer,2001/09/15
609,Lorne,Cozins,lcozinsgw@dropbox.com,,Punjabi,1995/05/15
610,Larry,Clitherow,lclitherowgx@reuters.com,Male,Tajik,1993/07/02
611,Stephie,Oxbrow,soxbrowgy@bandcamp.com,Female,Irish Gaelic,2004/01/23
612,Daren,Brachell,dbrachellgz@dmoz.org,Male,French,2001/05/19
613,Demetre,Rodell,drodellh0@about.me,,Maltese,1996/08/10
614,Shea,McArley,smcarleyh1@hexun.com,Male,Oriya,2005/06/23
615,Brena,De Anesy,bdeanesyh2@free.fr,Female,Montenegrin,1994/06/14
616,Galven,Billanie,gbillanieh3@desdev.cn,Male,Catalan,1998/11/23
617,Sheryl,Ramel,sramelh4@ibm.com,Female,Hebrew,1997/03/29
618,Estell,Clilverd,eclilverdh5@eventbrite.com,Female,Burmese,1996/03/30
619,Benedick,Petr,bpetrh6@twitter.com,Male,Italian,1999/02/21
620,Ward,Birth,wbirthh7@cisco.com,Male,Greek,1997/09/14
621,Ave,Lacroutz,alacroutzh8@discovery.com,Male,Guaraní,2003/02/25
622,Cristian,Krugmann,ckrugmannh9@cafepress.com,,Hebrew,1998/04/24
623,Giustino,McChesney,gmcchesneyha@dell.com,Male,Marathi,1999/05/25
624,Mellie,Gurrado,mgurradohb@51.la,Female,,1997/04/25
625,Aurlie,Tenman,atenmanhc@jigsy.com,Female,Macedonian,1993/04/12
626,Kerstin,Habershaw,khabershawhd@comcast.net,Female,Icelandic,2000/03/18
627,Staffard,Boyen,sboyenhe@jiathis.com,Polygender,Belarusian,2001/08/06
628,Antonella,Hindrick,ahindrickhf@youtube.com,Genderqueer,Latvian,1992/05/05
629,Corby,Gobell,cgobellhg@noaa.gov,Male,Filipino,2000/12/13
630,Gwyn,Duckers,gduckershh@wiley.com,Female,Romanian,1998/03/10
631,Tobe,Earland,tearlandhi@skyrock.com,Male,Albanian,1993/01/14
632,Benedikta,Paine,bpainehj@etsy.com,Female,,2004/11/20
633,Neile,Bennion,nbennionhk@wisc.edu,,Northern Sotho,2001/02/02
634,Herbie,Imore,himorehl@canalblog.com,Male,,1998/12/18
635,Inna,Garoghan,igaroghanhm@twitpic.com,Female,Yiddish,1998/10/27
636,Lyman,Simister,lsimisterhn@flickr.com,Male,Azeri,1999/11/06
637,Norrie,Sumpton,nsumptonho@google.ca,Female,Thai,2001/07/20
638,Netta,Dryden,ndrydenhp@360.cn,Female,Tsonga,2005/04/17
639,Heall,Blampey,hblampeyhq@theglobeandmail.com,Male,Tok Pisin,1991/09/05
640,Flore,Gallie,fgalliehr@amazonaws.com,Female,Guaraní,1997/11/14
641,Osborne,Rumin,oruminhs@google.ru,Male,,1995/12/21
642,Tania,Hatch,thatchht@amazon.com,Female,Malagasy,1998/04/06
643,Mark,Donaho,mdonahohu@tinypic.com,Male,Tetum,1994/11/10
644,Janessa,Scopyn,jscopynhv@indiegogo.com,Genderqueer,Montenegrin,1999/07/25
645,Anselm,Wandrach,awandrachhw@squarespace.com,Male,Gagauz,2002/03/27
646,Hussein,Stanwix,hstanwixhx@imgur.com,Male,Khmer,2001/01/06
647,Nial,Redholls,nredhollshy@usnews.com,Male,Japanese,1995/11/03
648,Abdel,Millgate,amillgatehz@ted.com,Male,Fijian,1993/01/03
649,Guido,Vossgen,gvossgeni0@salon.com,Male,,2000/10/15
650,Somerset,Marthen,smartheni1@cam.ac.uk,Male,Thai,1997/08/04
651,Dalli,Kinker,dkinkeri2@diigo.com,Male,Papiamento,2004/03/03
652,Siffre,Begent,sbegenti3@oakley.com,Male,Malay,2002/09/27
653,Ruby,Quantrell,rquantrelli4@networksolutions.com,,,1992/05/21
654,Zacharie,Solly,zsollyi5@opera.com,Male,Amharic,1994/01/24
655,Debi,Philbin,dphilbini6@reverbnation.com,Female,Pashto,1994/12/20
656,Katuscha,Christofides,kchristofidesi7@dell.com,Female,Assamese,1998/11/05
657,Bucky,Amies,bamiesi8@shinystat.com,Male,German,1997/03/16
658,Silvia,Cosslett,scossletti9@smugmug.com,,Filipino,1991/05/04
659,Stevie,Inde,sindeia@netlog.com,Male,,2004/02/01
660,Ash,Kelner,akelnerib@etsy.com,Male,Macedonian,1998/11/06
661,Ardeen,Labrom,alabromic@google.com,,Montenegrin,1998/10/22
662,Cale,Dellar,cdellarid@adobe.com,Male,Hiri Motu,2003/07/07
663,Yasmin,Dobing,ydobingie@prnewswire.com,Female,Oriya,1994/10/24
664,Christye,Boughen,cboughenif@umich.edu,Female,Malay,1991/05/04
665,Egbert,Kirman,ekirmanig@walmart.com,Male,Portuguese,1992/11/01
666,Georgianne,Croy,gcroyih@networkadvertising.org,Non-binary,Guaraní,1994/05/05
667,Del,Manby,dmanbyii@simplemachines.org,Female,Dhivehi,2000/02/01
668,Daisy,O'Ferris,doferrisij@cnbc.com,,Ndebele,1999/04/03
669,Rachel,Landal,rlandalik@google.it,Female,Armenian,2001/03/28
670,Maggie,Cumber,mcumberil@e-recht24.de,,Hindi,2002/04/22
671,Ring,Lefley,rlefleyim@wikipedia.org,Male,Catalan,1992/11/26
672,Steve,Nardrup,snardrupin@miitbeian.gov.cn,Male,Northern Sotho,2002/11/14
673,Taddeo,Eat,teatio@aboutads.info,Male,,1990/11/09
674,Fabian,Pfeffle,fpfeffleip@constantcontact.com,Male,Yiddish,1998/11/16
675,Foss,Burnie,fburnieiq@cbc.ca,Male,Kyrgyz,2002/02/19
676,Row,Everwin,reverwinir@reuters.com,Female,Irish Gaelic,2005/03/25
677,Klemens,Deveraux,kdeverauxis@linkedin.com,Bigender,,1995/09/22
678,Michaela,Huffey,mhuffeyit@va.gov,Female,Hiri Motu,1997/09/06
679,Geoffrey,Dearlove,gdearloveiu@twitpic.com,,,1998/01/09
680,Steven,Haskins,shaskinsiv@google.com,Bigender,Spanish,1999/04/30
681,Ali,Brandel,abrandeliw@stumbleupon.com,Male,Māori,1997/02/16
682,Pedro,O'Longain,polongainix@narod.ru,Male,Bislama,2003/05/12
683,Amerigo,Kidner,akidneriy@simplemachines.org,,Punjabi,2003/09/06
684,Corie,Milne,cmilneiz@ycombinator.com,Female,Romanian,2004/08/22
685,Clarita,Pays,cpaysj0@geocities.jp,Female,Japanese,2001/04/07
686,Joane,Gorch,jgorchj1@nsw.gov.au,Female,Finnish,1992/04/16
687,Anissa,Huster,ahusterj2@microsoft.com,Female,Thai,1998/11/16
688,Jerry,Larrosa,jlarrosaj3@infoseek.co.jp,Male,Georgian,2002/11/10
689,Abner,Swaden,aswadenj4@simplemachines.org,Male,,2005/02/10
690,Pietrek,Simmig,psimmigj5@guardian.co.uk,Male,,1997/08/11
691,Marten,McGenis,mmcgenisj6@mtv.com,Male,Filipino,1999/06/07
692,Rutherford,Jearum,rjearumj7@hud.gov,Male,Ndebele,1995/09/05
693,Dalia,Waddoups,dwaddoupsj8@nba.com,Female,Oriya,1992/11/15
694,Sydney,Papes,spapesj9@vinaora.com,Female,Moldovan,1998/09/24
695,Claus,Gyse,cgyseja@earthlink.net,Male,Azeri,1991/10/05
696,Skylar,Code,scodejb@friendfeed.com,Male,Fijian,1991/01/11
697,Nial,Ripon,nriponjc@over-blog.com,Male,Belarusian,1998/05/22
698,Codi,Tague,ctaguejd@booking.com,Female,Tok Pisin,2002/11/29
699,Matelda,Grogor,mgrogorje@hhs.gov,Female,Catalan,1993/12/31
700,Ferdy,Cromley,fcromleyjf@independent.co.uk,Male,Yiddish,2000/09/02
701,Astra,Curley,acurleyjg@seattletimes.com,Female,Bengali,1997/10/03
702,Cherilynn,Cuel,ccueljh@exblog.jp,Female,Dutch,1995/05/08
703,Bucky,Snook,bsnookji@theguardian.com,Male,Dhivehi,2005/02/24
704,Wallis,O'Mara,womarajj@buzzfeed.com,Female,Nepali,2004/10/29
705,Enrico,Vereker,everekerjk@netscape.com,Genderqueer,Lao,1999/07/28
706,Fulvia,Riccioppo,friccioppojl@prweb.com,,Macedonian,1993/03/18
707,Tedd,Errol,terroljm@lulu.com,Male,Indonesian,2003/05/02
708,Laurens,Brabender,lbrabenderjn@cocolog-nifty.com,,Punjabi,1992/11/15
709,Kerwinn,Grenshiels,kgrenshielsjo@ebay.co.uk,Male,Ndebele,2005/02/09
710,Ruperto,Davidow,rdavidowjp@linkedin.com,,,1998/08/01
711,Nina,Hearson,nhearsonjq@dell.com,Female,Greek,1994/02/01
712,Stephi,Cretney,scretneyjr@hao123.com,Female,Nepali,1998/01/10
713,Emery,Deroche,ederochejs@usatoday.com,Male,,1991/12/20
714,Katherine,Tebbutt,ktebbuttjt@hp.com,Female,Hiri Motu,1999/01/05
715,Arlyn,Marklund,amarklundju@jalbum.net,Female,,1995/11/27
716,Linc,Regelous,lregelousjv@reuters.com,Male,Portuguese,1995/03/17
717,Freddie,Albone,falbonejw@theguardian.com,Female,Aymara,1998/02/13
718,Vitia,Gillcrist,vgillcristjx@biglobe.ne.jp,Female,Bengali,2005/04/23
719,Sara,Doornbos,sdoornbosjy@un.org,Female,Somali,1998/05/28
720,Marris,Amys,mamysjz@unesco.org,Female,Haitian Creole,1990/09/28
721,Blane,Cawthra,bcawthrak0@discuz.net,Male,Spanish,2002/07/26
722,Nichole,Skoggings,nskoggingsk1@shop-pro.jp,Male,Nepali,1996/08/16
723,Paulie,Sevin,psevink2@joomla.org,Male,Assamese,2002/02/08
724,Pollyanna,Clowton,pclowtonk3@usa.gov,Female,Moldovan,1993/05/01
725,Blondy,Glassman,bglassmank4@wordpress.com,Female,,2001/12/21
726,Dimitri,Patrone,dpatronek5@drupal.org,Male,Hiri Motu,2002/03/23
727,Diego,Fahey,dfaheyk6@jalbum.net,Male,,2004/06/16
728,Erina,McAllaster,emcallasterk7@geocities.jp,Agender,Moldovan,1993/05/03
729,Pate,Pods,ppodsk8@reddit.com,Male,Northern Sotho,1991/11/24
730,Mabel,Dodsworth,mdodsworthk9@reuters.com,Female,,2000/01/16
731,Hilliard,McGeady,hmcgeadyka@usnews.com,Male,Georgian,1998/08/21
732,Abey,Hele,ahelekb@printfriendly.com,,Kyrgyz,2000/03/01
733,Jennee,Blamire,jblamirekc@examiner.com,Female,Tok Pisin,1999/04/11
734,Christine,Klimsch,cklimschkd@ed.gov,Female,Moldovan,1997/07/13
735,Upton,Skyrme,uskyrmeke@delicious.com,Male,Moldovan,2002/06/12
736,Allx,Krammer,akrammerkf@noaa.gov,Genderqueer,Georgian,2000/03/24
737,Antonie,Shute,ashutekg@blogger.com,,,2000/02/27
738,Paulie,Champagne,pchampagnekh@amazon.com,,,1999/09/23
739,Claudetta,Valder,cvalderki@linkedin.com,Female,Haitian Creole,1997/08/02
740,Dinny,Hubane,dhubanekj@fc2.com,Female,Catalan,2005/02/07
741,Sal,Hagger,shaggerkk@i2i.jp,Male,Dhivehi,1995/03/12
742,Derry,Palleske,dpalleskekl@photobucket.com,Male,,1994/03/16
743,Brennan,Punton,bpuntonkm@aol.com,Male,Aymara,1992/10/27
744,Jodie,Wealthall,jwealthallkn@cyberchimps.com,Genderfluid,Bulgarian,1992/09/21
745,Gael,Allery,galleryko@zdnet.com,Male,Danish,2004/06/25
746,Hilary,Vedenichev,hvedenichevkp@cam.ac.uk,Male,Yiddish,1998/05/02
747,Dilly,Eymer,deymerkq@apache.org,Agender,Dari,2002/05/24
748,Stafford,Rook,srookkr@latimes.com,Male,Finnish,2001/03/06
749,Christie,Carwithan,ccarwithanks@over-blog.com,,Azeri,1996/06/14
750,Donavon,Mitchell,dmitchellkt@loc.gov,Bigender,Sotho,1998/09/11
751,Roddy,Semeradova,rsemeradovaku@shutterfly.com,Male,,1997/08/28
752,Marika,Warrillow,mwarrillowkv@issuu.com,Female,Gujarati,1995/06/22
753,Reginauld,Lefley,rlefleykw@moonfruit.com,Male,Mongolian,1994/04/02
754,Frazier,Bloxsom,fbloxsomkx@miibeian.gov.cn,Male,,1992/12/11
755,Aubrette,Wyss,awyssky@zimbio.com,Female,Chinese,2001/10/10
756,Solomon,Bowlesworth,sbowlesworthkz@dmoz.org,Male,Oriya,2000/04/18
757,Westbrooke,Cicerone,wciceronel0@jigsy.com,Male,Amharic,1992/12/12
758,Zulema,Carlisi,zcarlisil1@harvard.edu,Female,Azeri,1996/02/22
759,Meyer,O'Donohue,modonohuel2@printfriendly.com,Male,,1990/12/06
760,Bevon,Bly,bblyl3@mashable.com,Male,,1995/06/26
761,Danella,Beauly,dbeaulyl4@yale.edu,Female,Papiamento,1994/09/29
762,Bevon,Andreucci,bandreuccil5@desdev.cn,Male,Hebrew,2003/03/05
763,Hanny,Witnall,hwitnalll6@theguardian.com,Female,Tajik,1992/01/12
764,Linda,Fackrell,lfackrelll7@cbsnews.com,Female,Aymara,2004/09/16
765,Bay,Coburn,bcoburnl8@yolasite.com,,Afrikaans,2004/10/14
766,Fletcher,Scyner,fscynerl9@latimes.com,Polygender,,1999/01/22
767,Quentin,Tomaszewski,qtomaszewskila@latimes.com,Male,Guaraní,1995/07/06
768,Peterus,Birchenough,pbirchenoughlb@canalblog.com,Male,Greek,1993/01/06
769,Adriana,McOwan,amcowanlc@t-online.de,Female,Dhivehi,1996/08/08
770,Shannah,Monks,smonksld@is.gd,,Arabic,2000/05/15
771,Sigvard,Kewzick,skewzickle@sciencedirect.com,Male,Tswana,1998/02/22
772,Casey,Inchboard,cinchboardlf@washingtonpost.com,Male,Persian,2005/03/08
773,Berrie,Upcott,bupcottlg@stumbleupon.com,Female,Italian,1998/06/01
774,Richie,Krysztowczyk,rkrysztowczyklh@hatena.ne.jp,Male,Bulgarian,1992/12/01
775,Burtie,Regorz,bregorzli@hud.gov,Male,Marathi,1999/01/24
776,Ferne,Swayne,fswaynelj@ed.gov,Female,Mongolian,2001/06/13
777,Ammamaria,Barker,abarkerlk@go.com,Female,Lao,1993/08/22
778,Fair,Poure,fpourell@ning.com,Male,Korean,1994/03/14
779,Alaric,Grellier,agrellierlm@fastcompany.com,Male,Romanian,2003/12/30
780,Karla,Brownbridge,kbrownbridgeln@archive.org,Genderqueer,Guaraní,1993/07/01
781,Bone,Paish,bpaishlo@noaa.gov,Male,Tetum,2001/09/15
782,Lucien,Ferrarese,lferrareselp@ifeng.com,Agender,Thai,2003/06/24
783,Nealy,Cornelissen,ncornelissenlq@free.fr,Bigender,Aymara,1999/02/12
784,Katine,Apps,kappslr@google.nl,Female,Marathi,2003/01/22
785,Kirbie,Lindeberg,klindebergls@slideshare.net,Female,Tsonga,2001/03/24
786,Gerrilee,Lashbrook,glashbrooklt@com.com,Polygender,,1999/10/23
787,Aksel,Bulfoy,abulfoylu@wordpress.org,Male,Gagauz,1990/11/20
788,Glynn,Woolfoot,gwoolfootlv@mit.edu,Male,Moldovan,1998/01/12
789,Cornie,Stanners,cstannerslw@telegraph.co.uk,Female,,1994/02/17
790,Keri,Valentelli,kvalentellilx@upenn.edu,Female,Luxembourgish,2005/03/30
791,Juliet,Barette,jbarettely@cyberchimps.com,Female,,2000/09/06
792,Millard,McCaig,mmccaiglz@gizmodo.com,Male,Croatian,2002/10/28
793,Neill,Blinerman,nblinermanm0@slate.com,,Assamese,1994/01/17
794,Lulita,De Freyne,ldefreynem1@elpais.com,Female,,2000/11/27
795,Vin,Van der Kruijs,vvanderkruijsm2@irs.gov,,Kurdish,2002/09/28
796,Nisse,Carren,ncarrenm3@usatoday.com,Female,French,1995/04/20
797,Charlena,Mingardo,cmingardom4@psu.edu,,Kurdish,2004/04/13
798,Shae,Beake,sbeakem5@redcross.org,Female,German,2005/07/01
799,Gradey,Tippett,gtippettm6@hubpages.com,Male,Guaraní,2002/03/29
800,Tiler,Maryet,tmaryetm7@artisteer.com,,Malay,2003/05/11
801,Carmella,Ship,cshipm8@yale.edu,Female,Persian,1996/01/07
802,Deina,Work,dworkm9@exblog.jp,Female,,2005/03/27
803,Romona,Winch,rwinchma@discuz.net,Female,Tetum,1999/09/16
804,Larina,Scurfield,lscurfieldmb@i2i.jp,Genderfluid,Norwegian,2001/01/27
805,Crosby,Clewer,cclewermc@oracle.com,Male,Bulgarian,2001/09/15
806,Whitman,Lillgard,wlillgardmd@istockphoto.com,Male,Macedonian,1997/05/14
807,Francyne,Stilly,fstillyme@dyndns.org,Female,Montenegrin,1998/12/22
808,Daniele,Dirr,ddirrmf@vk.com,,Korean,2000/02/14
809,Emmie,Carbonell,ecarbonellmg@omniture.com,Female,Swati,1998/10/24
810,Sacha,Lukins,slukinsmh@eventbrite.com,Female,Tajik,1994/10/12
811,Madlin,Welldrake,mwelldrakemi@ebay.com,,Hindi,1995/10/01
812,Corella,Meldon,cmeldonmj@gizmodo.com,,Malayalam,2002/11/17
813,Bevon,Edgeon,bedgeonmk@pinterest.com,Male,,2001/06/09
814,Hasty,Charpling,hcharplingml@google.co.uk,Male,,1998/05/10
815,Thebault,Swanne,tswannemm@github.io,Male,,1994/05/24
816,Reinhard,Charlesworth,rcharlesworthmn@nps.gov,Male,Lithuanian,1992/11/09
817,Marys,Ashbridge,mashbridgemo@apache.org,,Ndebele,1999/11/24
818,Denni,Joron,djoronmp@blinklist.com,Female,Tswana,1999/06/07
819,Tressa,Dunn,tdunnmq@eepurl.com,Female,Nepali,2000/05/28
820,Cos,Dewar,cdewarmr@sourceforge.net,Male,Macedonian,1995/06/01
821,Dukey,Shermar,dshermarms@bloomberg.com,Male,Somali,2000/09/11
822,Sybyl,Trowill,strowillmt@godaddy.com,,Lithuanian,1998/09/21
823,Burnaby,Cracie,bcraciemu@angelfire.com,Male,,2001/07/16
824,Joshia,Klimowicz,jklimowiczmv@tuttocitta.it,Male,Kyrgyz,1993/07/27
825,Karita,Championnet,kchampionnetmw@unicef.org,Female,Luxembourgish,1997/07/07
826,Feliks,Pyzer,fpyzermx@bloglines.com,Male,,2003/05/06
827,Pancho,Gowlett,pgowlettmy@over-blog.com,Male,,1995/06/15
828,Hannie,O'Neal,honealmz@technorati.com,Female,Thai,1995/11/15
829,Dani,Manuely,dmanuelyn0@tripadvisor.com,Male,,2004/05/15
830,Connie,Minihan,cminihann1@desdev.cn,Female,Georgian,1993/04/13
831,Meredith,Sunman,msunmann2@alexa.com,Female,Armenian,1998/04/10
832,Danielle,Duesberry,dduesberryn3@booking.com,Female,,2000/04/28
833,Sheryl,Cowans,scowansn4@ed.gov,Female,Sotho,1992/02/14
834,Lilah,Overpool,loverpooln5@ebay.com,Female,Dhivehi,1994/01/28
835,Nial,Wasselin,nwasselinn6@yahoo.com,Male,Khmer,1991/01/09
836,Leese,Placidi,lplacidin7@meetup.com,,Sotho,1995/11/13
837,Sherwood,Sunderland,ssunderlandn8@qq.com,,English,1998/03/29
838,Conrad,Torres,ctorresn9@noaa.gov,Male,Persian,1993/09/27
839,Fey,MacAnelley,fmacanelleyna@twitpic.com,Female,Haitian Creole,2004/01/02
840,Jerry,Lowfill,jlowfillnb@themeforest.net,Polygender,,1991/10/12
841,Olly,Aldam,oaldamnc@comsenz.com,Female,,2003/01/11
842,Breanne,Glanvill,bglanvillnd@taobao.com,Female,Dutch,2002/03/10
843,Gweneth,Juanes,gjuanesne@unc.edu,Female,Lao,2003/04/05
844,Thaddus,Doberer,tdoberernf@geocities.com,,Irish Gaelic,2001/05/30
845,Craig,Robiou,crobioung@tmall.com,Polygender,New Zealand Sign Language,2000/10/23
846,Denny,Kilbourn,dkilbournnh@mayoclinic.com,Male,Montenegrin,1997/01/29
847,Alessandra,Kingdon,akingdonni@so-net.ne.jp,Genderfluid,Belarusian,2003/02/16
848,Howard,Campana,hcampananj@tripadvisor.com,Male,Punjabi,2000/03/29
849,Sigvard,Sherrott,ssherrottnk@webnode.com,Male,Albanian,2004/10/16
850,Berkley,Jiggins,bjigginsnl@freewebs.com,Male,Korean,2004/05/17
851,Trent,O' Sullivan,tosullivannm@google.cn,Male,West Frisian,1991/07/13
852,Mischa,Sympson,msympsonnn@engadget.com,Male,Tajik,1996/05/15
853,Daren,Lorden,dlordenno@elegantthemes.com,Male,,1996/01/17
854,Sebastian,Wybrew,swybrewnp@fda.gov,Male,Tamil,2001/01/20
855,Marjie,Nendick,mnendicknq@berkeley.edu,Female,Azeri,1991/11/03
856,Ailis,Gordge,agordgenr@vkontakte.ru,Female,Tsonga,2000/02/25
857,Dewitt,Rylstone,drylstonens@soundcloud.com,,Assamese,1998/04/16
858,Heather,Enocksson,henockssonnt@whitehouse.gov,Bigender,Malagasy,1999/11/12
859,Frasier,Chidley,fchidleynu@wisc.edu,Polygender,Pashto,1996/07/05
860,Fawn,Malenfant,fmalenfantnv@usgs.gov,Female,Malayalam,2003/08/04
861,Dave,South,dsouthnw@homestead.com,Male,Greek,2002/05/27
862,Corabelle,Addess,caddessnx@reference.com,Female,Indonesian,1999/09/06
863,Bogey,McIlriach,bmcilriachny@cnbc.com,Male,Lithuanian,2000/08/02
864,Nerte,Darrach,ndarrachnz@symantec.com,Female,Haitian Creole,2004/03/15
865,Ardyth,Boase,aboaseo0@slashdot.org,Female,Kurdish,2000/04/28
866,Kameko,Touret,ktoureto1@google.it,Female,Gujarati,1998/08/21
867,Doll,Gregori,dgregorio2@hao123.com,,Finnish,1996/08/19
868,Iggie,Ridgway,iridgwayo3@soundcloud.com,Male,Sotho,1994/05/29
869,Elaina,Fritche,efritcheo4@is.gd,Female,,2004/02/20
870,Lotta,Krzyzanowski,lkrzyzanowskio5@stanford.edu,Female,Bosnian,2002/11/27
871,Kelli,Allworthy,kallworthyo6@odnoklassniki.ru,Female,Ndebele,1997/02/22
872,Rutledge,Warton,rwartono7@youtu.be,,Papiamento,1998/05/02
873,Benita,Kilbee,bkilbeeo8@mayoclinic.com,Female,Macedonian,1991/07/25
874,Leola,Jellett,ljelletto9@posterous.com,Female,Thai,1999/06/28
875,Erroll,Yallop,eyallopoa@irs.gov,,Swati,1999/06/06
876,Casie,Brunelleschi,cbrunelleschiob@ucoz.ru,Female,,1991/03/18
877,Ellerey,Chalmers,echalmersoc@cdc.gov,Male,,2002/11/14
878,Dunstan,Coneley,dconeleyod@globo.com,Male,Kashmiri,2005/04/22
879,Abdel,O Sullivan,aosullivanoe@howstuffworks.com,Male,Hindi,1997/10/11
880,Loy,Kingstne,lkingstneof@google.ca,Male,Hindi,1999/06/22
881,Rosalyn,Daines,rdainesog@shareasale.com,Bigender,Arabic,2003/01/17
882,Andros,Lambird,alambirdoh@blog.com,Male,West Frisian,1991/05/24
883,Rey,Stygall,rstygalloi@wufoo.com,Male,Finnish,2003/04/14
884,Adolpho,Rate,arateoj@ftc.gov,Non-binary,Tamil,1996/11/02
885,Tildie,Paige,tpaigeok@behance.net,Female,Tswana,2000/09/22
886,Sherwin,Yurevich,syurevichol@guardian.co.uk,Male,Italian,1995/11/23
887,Jess,Raiman,jraimanom@cnn.com,Female,Estonian,2000/12/05
888,Verene,Gettens,vgettenson@comsenz.com,Female,Quechua,2003/12/11
889,Ranee,Branni,rbrannioo@hhs.gov,Female,Azeri,1993/11/07
890,Branden,Tash,btashop@odnoklassniki.ru,Male,Portuguese,1990/11/13
891,Carlene,Renshaw,crenshawoq@fc2.com,Female,Czech,1997/04/02
892,Frans,Sarjent,fsarjentor@sitemeter.com,Male,Tswana,2004/09/28
893,Tillie,Shellard,tshellardos@bbb.org,Female,Belarusian,2003/12/08
894,Agneta,Holdin,aholdinot@sourceforge.net,Female,,1993/07/28
895,Boone,Leser,bleserou@skype.com,Male,Dzongkha,2004/04/02
896,Neall,Zavattari,nzavattariov@pagesperso-orange.fr,Male,Lao,2003/01/04
897,Nissie,Sporner,nspornerow@t-online.de,Female,Somali,2005/03/13
898,Gerrilee,Jay,gjayox@liveinternet.ru,Female,Fijian,1995/01/18
899,Johannah,Tidd,jtiddoy@jugem.jp,Female,Khmer,1994/01/02
900,Lamond,Jenteau,ljenteauoz@angelfire.com,Male,Spanish,2005/03/18
901,Delila,Smeath,dsmeathp0@xing.com,Female,Armenian,1991/12/28
902,Bernardine,Spafford,bspaffordp1@people.com.cn,Female,Oriya,1994/06/11
903,Guinna,Coetzee,gcoetzeep2@canalblog.com,Female,Marathi,2000/05/28
904,Franklin,Goshawke,fgoshawkep3@independent.co.uk,Male,Amharic,2003/11/28
905,Germain,Bartolomeo,gbartolomeop4@jiathis.com,,Finnish,1993/06/05
906,Westbrooke,Banke,wbankep5@issuu.com,Male,Japanese,1992/03/05
907,Tadeas,Golding,tgoldingp6@a8.net,Male,Kurdish,1995/12/09
908,Morty,McBrearty,mmcbreartyp7@pinterest.com,Male,Assamese,2002/07/17
909,Deanna,Daltry,ddaltryp8@facebook.com,Polygender,Indonesian,1996/01/10
910,Normy,Duffett,nduffettp9@feedburner.com,Male,Georgian,1992/11/20
911,Catrina,Reagan,creaganpa@mapy.cz,Female,,1995/03/19
912,Pablo,Leagas,pleagaspb@1688.com,Male,,1999/06/07
913,Giacopo,Bustin,gbustinpc@cdc.gov,Male,Oriya,1998/10/27
914,Desmund,Garwood,dgarwoodpd@mysql.com,,Oriya,1993/07/07
915,Charo,Binnion,cbinnionpe@netscape.com,,Armenian,1996/01/01
916,Maurise,Calendar,mcalendarpf@last.fm,Female,Irish Gaelic,1998/01/03
917,Alta,Joannet,ajoannetpg@symantec.com,Female,,1990/11/05
918,Robinet,Shillom,rshillomph@wikimedia.org,Female,Catalan,2003/11/02
919,Sawyer,Antliff,santliffpi@dmoz.org,Male,Sotho,1998/10/15
920,Sloane,Allebone,sallebonepj@unblog.fr,Male,Northern Sotho,2002/02/25
921,Kylila,Juden,kjudenpk@state.gov,Female,Luxembourgish,1991/12/01
922,Celinka,McGuirk,cmcguirkpl@google.es,Female,Bislama,1997/06/01
923,Juditha,Antognetti,jantognettipm@twitter.com,Female,,1994/07/19
924,Dreddy,Steely,dsteelypn@admin.ch,Bigender,Ndebele,2002/03/20
925,Stearn,Tumelty,stumeltypo@tinypic.com,Male,Azeri,2002/07/24
926,Timmy,Conew,tconewpp@cbsnews.com,Female,,1994/02/06
927,Basil,Patifield,bpatifieldpq@dailymotion.com,Male,Czech,2000/10/11
928,Hinda,Deverille,hdeverillepr@thetimes.co.uk,Female,Lao,1998/08/04
929,Fanny,Tesh,fteshps@1und1.de,,Japanese,1993/03/14
930,Max,Niaves,mniavespt@example.com,Female,Armenian,1994/07/09
931,Benni,Powdrell,bpowdrellpu@zdnet.com,,Polish,1999/11/26
932,Conroy,Yarwood,cyarwoodpv@indiegogo.com,Male,Gujarati,2000/04/15
933,Jaquenette,Huws,jhuwspw@1und1.de,Female,Nepali,1992/06/17
934,Spenser,Seeds,sseedspx@sfgate.com,Non-binary,,2003/03/07
935,Ailee,Duinbleton,aduinbletonpy@uiuc.edu,,Malagasy,1997/08/30
936,Hamil,Checci,hcheccipz@nsw.gov.au,,Moldovan,1993/11/11
937,Haven,Rittmeier,hrittmeierq0@kickstarter.com,Male,Māori,1994/09/11
938,Kirby,Swindall,kswindallq1@wunderground.com,Male,Albanian,1991/09/04
939,Alameda,Joannic,ajoannicq2@joomla.org,,Malay,2004/06/29
940,Cleo,Saffrin,csaffrinq3@ebay.co.uk,Agender,Pashto,2003/09/20
941,Catharine,Nicely,cnicelyq4@businesswire.com,Female,Finnish,2003/12/15
942,Antons,Jenkyn,ajenkynq5@t.co,Male,Gujarati,1995/09/12
943,Erick,Berry,eberryq6@posterous.com,Male,,2002/02/21
944,Marris,Fivey,mfiveyq7@google.es,Female,Korean,1998/01/30
945,Kendre,Yushmanov,kyushmanovq8@umich.edu,,Georgian,2002/10/25
946,Loella,Allkins,lallkinsq9@slideshare.net,Female,Spanish,2003/11/11
947,Ethe,Nitti,enittiqa@issuu.com,Male,Hindi,2001/08/07
948,Daria,Krzyzanowski,dkrzyzanowskiqb@devhub.com,Female,Dhivehi,1998/02/25
949,Hendrik,Bartocci,hbartocciqc@amazon.co.jp,,Aymara,1995/04/02
950,Idalina,Carlesso,icarlessoqd@prnewswire.com,Female,Hiri Motu,1995/03/30
951,Keir,Dodworth,kdodworthqe@redcross.org,Male,Hiri Motu,2003/02/15
952,Terese,Stallwood,tstallwoodqf@cdbaby.com,Female,Malayalam,1996/10/14
953,Milt,Gueinn,mgueinnqg@china.com.cn,Male,Thai,1991/08/25
954,Vernen,Gyver,vgyverqh@techcrunch.com,Male,Malagasy,2001/08/02
955,Isa,Fuzzens,ifuzzensqi@deviantart.com,Male,Guaraní,2005/06/30
956,Simonette,Ewles,sewlesqj@jalbum.net,,Estonian,1998/02/28
957,Dosi,Handman,dhandmanqk@barnesandnoble.com,Polygender,Czech,2004/01/26
958,Lloyd,Eatttok,leatttokql@ebay.com,Male,Hebrew,1998/07/12
959,Georgianna,Jaxon,gjaxonqm@hp.com,Female,Haitian Creole,1996/11/08
960,Kym,O Sullivan,kosullivanqn@amazon.co.jp,Female,Zulu,1991/02/28
961,Vivian,Garfitt,vgarfittqo@time.com,Female,Amharic,2002/07/23
962,Ceil,Sparry,csparryqp@fastcompany.com,Female,Portuguese,1997/03/11
963,Slade,Stoffer,sstofferqq@icq.com,Male,Macedonian,2000/09/11
964,Martin,Killbey,mkillbeyqr@examiner.com,Bigender,Persian,1992/05/01
965,Artemas,Carvilla,acarvillaqs@google.co.uk,,Norwegian,2000/05/07
966,Dynah,Robinett,drobinettqt@paginegialle.it,Female,Belarusian,2005/03/21
967,Kiele,Leaf,kleafqu@ihg.com,Female,Chinese,1991/10/14
968,Tymon,McShirrie,tmcshirrieqv@house.gov,Male,Arabic,2004/03/28
969,Haley,Bruno,hbrunoqw@archive.org,,Khmer,1994/11/29
970,Thornton,McGairl,tmcgairlqx@wisc.edu,Male,Lao,1998/09/29
971,Stearn,Iggalden,siggaldenqy@dion.ne.jp,Male,Danish,1991/07/27
972,Bronnie,Danit,bdanitqz@java.com,Male,Burmese,1997/08/13
973,Marguerite,Punchard,mpunchardr0@state.gov,Female,Hindi,1994/09/20
974,Lily,Ashmole,lashmoler1@epa.gov,Female,Hiri Motu,1991/01/15
975,Carolee,Jendrusch,cjendruschr2@house.gov,Female,Finnish,1997/01/09
976,Delbert,Probets,dprobetsr3@ifeng.com,Male,Dhivehi,1999/07/10
977,Jayme,Eberst,jeberstr4@linkedin.com,Male,Bulgarian,1993/11/17
978,Konstance,Mullins,kmullinsr5@exblog.jp,,Hindi,1990/11/30
979,Sayres,Lugsdin,slugsdinr6@cloudflare.com,,Malayalam,1992/06/14
980,Cletus,Nucciotti,cnucciottir7@altervista.org,Male,,1991/05/13
981,Garey,Bensley,gbensleyr8@cafepress.com,Male,Montenegrin,2004/04/12
982,Jenny,Nafziger,jnafzigerr9@nhs.uk,Female,Maltese,1991/01/19
983,Stephannie,Cabell,scabellra@msn.com,Female,Malay,1992/05/26
984,Keven,Navan,knavanrb@arizona.edu,Male,Khmer,1996/05/07
985,Belia,Peddersen,bpeddersenrc@usatoday.com,Female,Hebrew,1999/11/02
986,Broderic,Gascoyne,bgascoynerd@tuttocitta.it,Male,Mongolian,1992/09/19
987,Elinore,Passie,epassiere@gov.uk,Non-binary,Spanish,1992/02/28
988,Ivor,Morrish,imorrishrf@yellowbook.com,Male,English,2002/10/15
989,Bobinette,Barniss,bbarnissrg@vistaprint.com,Female,Hebrew,1993/02/03
990,Lukas,Dy,ldyrh@hubpages.com,Male,English,1995/03/25
991,Wallis,Edmenson,wedmensonri@ibm.com,Male,Marathi,2003/01/05
992,Daniela,Demead,ddemeadrj@amazon.co.uk,Female,Yiddish,2004/10/10
993,Gene,Albinson,galbinsonrk@weibo.com,Female,Persian,1998/07/14
994,Norean,Leser,nleserrl@pcworld.com,Female,,2005/06/21
995,Elana,Pavlik,epavlikrm@chronoengine.com,Female,Lao,1995/02/06
996,Salomo,Groundwator,sgroundwatorrn@pen.io,Male,Montenegrin,2002/12/01
997,Rayner,Harling,rharlingro@sogou.com,Male,Northern Sotho,1997/01/15
998,Mira,Maharry,mmaharryrp@comcast.net,Female,Nepali,1995/04/29
999,Cariotta,O'Shavlan,coshavlanrq@symantec.com,Female,Japanese,1998/04/01
1000,John,Aggett,jaggettrr@etsy.com,Male,Hiri Motu,1997/01/05
